Workbook

Sheet Project Tracker
A1: Objective | B1: Initiative | C1: Start Date | D1: End Date | E1: Department | F1: Manager | G1: Status | H1: Progress(%) | I1: Visual | J1: Comments | K1: Dependencies
A2: Enhnance Customer Experience: Reduce customer support response time by 20% | B2: Implement customer feedback portal: Launch by Q2 2026 | C2: 45661 | D2: 46026 | E2: Customer Support | F2: Jane Doe | G2: Planning | H2: 10 | I2: =IFERROR(__xludf.DUMMYFUNCTION("IFNA(SPARKLINE(H2, {""charttype"",""bar""; ""max"",100; ""color1"",""blue""}),"""")"),"") | J2: Kick off meeting set for next week, awaiting vendor contract approval | K2: IT infrastructure setup
A3: Streamline Internal Processes | B3: Reduce manuel effort in sales order creation | C3: 1/16/2025 | D3: 7/31/2025 | E3: Sales | F3: Bruce Banner | G3: In Progress | H3: 50 | I3: =IFERROR(__xludf.DUMMYFUNCTION("IFNA(SPARKLINE(H3, {""charttype"",""bar""; ""max"",100; ""color1"",""blue""}),"""")"),"") | J3: IT installing automation componenet | K3: SAP note installation
A4: Deveolp New Product Line | B4: Expand into automative industry | C4: 45292 | D4: 45662 | E4: Sales | F4: Bruce Banner | G4: Completed | H4: 100 | I4: =IFERROR(__xludf.DUMMYFUNCTION("IFNA(SPARKLINE(H4, {""charttype"",""bar""; ""max"",100; ""color1"",""blue""}),"""")"),"") | J4: New product launched ahead of schedule | K4: N/A
A5: Enhance Employeee Training | B5: Develop eLearnings and Instructor-led trainings | C5: 45779 | D5: 45667 | E5: Operations | F5: Barry Alan | G5: Planning | H5: 15 | I5: =IFERROR(__xludf.DUMMYFUNCTION("IFNA(SPARKLINE(H5, {""charttype"",""bar""; ""max"",100; ""color1"",""blue""}),"""")"),"") | J5: Contracting issues need to be resolved before continuing | K5: Contract negotiation
I6: =IFERROR(__xludf.DUMMYFUNCTION("IFNA(SPARKLINE(H6, {""charttype"",""bar""; ""max"",100; ""color1"",""blue""}),"""")"),"")
I7: =IFERROR(__xludf.DUMMYFUNCTION("IFNA(SPARKLINE(H7, {""charttype"",""bar""; ""max"",100; ""color1"",""blue""}),"""")"),"")
I8: =IFERROR(__xludf.DUMMYFUNCTION("IFNA(SPARKLINE(H8, {""charttype"",""bar""; ""max"",100; ""color1"",""blue""}),"""")"),"")
I9: =IFERROR(__xludf.DUMMYFUNCTION("IFNA(SPARKLINE(H9, {""charttype"",""bar""; ""max"",100; ""color1"",""blue""}),"""")"),"")
I10: =IFERROR(__xludf.DUMMYFUNCTION("IFNA(SPARKLINE(H10, {""charttype"",""bar""; ""max"",100; ""color1"",""blue""}),"""")"),"")
I11: =IFERROR(__xludf.DUMMYFUNCTION("IFNA(SPARKLINE(H11, {""charttype"",""bar""; ""max"",100; ""color1"",""blue""}),"""")"),"")
I12: =IFERROR(__xludf.DUMMYFUNCTION("IFNA(SPARKLINE(H12, {""charttype"",""bar""; ""max"",100; ""color1"",""blue""}),"""")"),"")
I13: =IFERROR(__xludf.DUMMYFUNCTION("IFNA(SPARKLINE(H13, {""charttype"",""bar""; ""max"",100; ""color1"",""blue""}),"""")"),"")
I14: =IFERROR(__xludf.DUMMYFUNCTION("IFNA(SPARKLINE(H14, {""charttype"",""bar""; ""max"",100; ""color1"",""blue""}),"""")"),"")
I15: =IFERROR(__xludf.DUMMYFUNCTION("IFNA(SPARKLINE(H15, {""charttype"",""bar""; ""max"",100; ""color1"",""blue""}),"""")"),"")
I16: =IFERROR(__xludf.DUMMYFUNCTION("IFNA(SPARKLINE(H16, {""charttype"",""bar""; ""max"",100; ""color1"",""blue""}),"""")"),"")
I17: =IFERROR(__xludf.DUMMYFUNCTION("IFNA(SPARKLINE(H17, {""charttype"",""bar""; ""max"",100; ""color1"",""blue""}),"""")"),"")
I18: =IFERROR(__xludf.DUMMYFUNCTION("IFNA(SPARKLINE(H18, {""charttype"",""bar""; ""max"",100; ""color1"",""blue""}),"""")"),"")
I19: =IFERROR(__xludf.DUMMYFUNCTION("IFNA(SPARKLINE(H19, {""charttype"",""bar""; ""max"",100; ""color1"",""blue""}),"""")"),"")
I20: =IFERROR(__xludf.DUMMYFUNCTION("IFNA(SPARKLINE(H20, {""charttype"",""bar""; ""max"",100; ""color1"",""blue""}),"""")"),"")

Sheet Project Overview
B2: Total Number of Projects | C2: =COUNTA('Project Tracker'!A:A) -1 -> 4
B3: Not Started | C3: =COUNTIF('Project Tracker'!G:G,B3) -> 0
B4: Planning | C4: =COUNTIF('Project Tracker'!G:G,B4) -> 2
B5: In Progress | C5: =COUNTIF('Project Tracker'!G:G,B5) -> 1
B6: Completed | C6: =COUNTIF('Project Tracker'!G:G,B6) -> 1
B7: Blocked | C7: =COUNTIF('Project Tracker'!G:G,B7) -> 0
